{
  "bert_weight": 159.14587268205793,
  "rule_weight": 0.4516024371251504,
  "env_weight": 0.0,
  "intercept": -72.70084815996893
}